{
	"Version": 3,
	"Meta": {
		"Duration": 2.8,
		"Fps": 30.0,
		"FadeInTime": 0.0,
		"FadeOutTime": 0.0,
		"Loop": true,
		"AreBeziersRestricted": true,
		"CurveCount": 81,
		"TotalSegmentCount": 188,
		"TotalPointCount": 561,
		"UserDataCount": 0,
		"TotalUserDataSize": 0
	},
	"Curves": [
		{
			"Target": "Model",
			"Id": "Opacity",
			"Segments": [
				0,
				1,
				0,
				2.8,
				1
			]
		},
		{
			"Target": "Model",
			"Id": "EyeBlink",
			"Segments": [
				0,
				1,
				0,
				2.8,
				1
			]
		},
		{
			"Target": "Model",
			"Id": "LipSync",
			"Segments": [
				0,
				0,
				0,
				2.8,
				0
			]
		},
		{
			"Target": "Parameter",
			"Id": "PARAM_ANGLE_X",
			"Segments": [
				0,
				0,
				1,
				0.178,
				0,
				0.356,
				-22,
				0.533,
				-22,
				1,
				0.678,
				-22,
				0.822,
				9.201,
				0.967,
				12,
				1,
				1.133,
				15.229,
				1.3,
				15,
				1.467,
				15,
				1,
				1.644,
				15,
				1.822,
				-15,
				2,
				-15,
				1,
				2.267,
				-15,
				2.533,
				0,
				2.8,
				0
			]
		},
		{
			"Target": "Parameter",
			"Id": "PARAM_ANGLE_Y",
			"Segments": [
				0,
				0,
				1,
				0.122,
				0,
				0.244,
				27,
				0.367,
				27,
				1,
				0.489,
				27,
				0.611,
				-30,
				0.733,
				-30,
				1,
				0.767,
				-30,
				0.8,
				-30,
				0.833,
				-30,
				1,
				0.967,
				-30,
				1.1,
				-10.184,
				1.233,
				17,
				1,
				1.289,
				28.327,
				1.344,
				30,
				1.4,
				30,
				1,
				1.533,
				30,
				1.667,
				-0.677,
				1.8,
				-24,
				1,
				1.844,
				-31.774,
				1.889,
				-30,
				1.933,
				-30,
				1,
				2.1,
				-30,
				2.267,
				26,
				2.433,
				26,
				1,
				2.556,
				26,
				2.678,
				0,
				2.8,
				0
			]
		},
		{
			"Target": "Parameter",
			"Id": "PARAM_ANGLE_Z",
			"Segments": [
				0,
				0,
				1,
				0.933,
				0,
				1.867,
				0,
				2.8,
				0
			]
		},
		{
			"Target": "Parameter",
			"Id": "PARAM_R_BROW_X",
			"Segments": [
				0,
				0,
				1,
				0.933,
				0,
				1.867,
				0,
				2.8,
				0
			]
		},
		{
			"Target": "Parameter",
			"Id": "PARAM_R_BROW_Y",
			"Segments": [
				0,
				0,
				1,
				0.933,
				0,
				1.867,
				0,
				2.8,
				0
			]
		},
		{
			"Target": "Parameter",
			"Id": "PARAM_L_BROW_X",
			"Segments": [
				0,
				0,
				1,
				0.933,
				0,
				1.867,
				0,
				2.8,
				0
			]
		},
		{
			"Target": "Parameter",
			"Id": "PARAM_L_BROW_Y",
			"Segments": [
				0,
				0,
				1,
				0.933,
				0,
				1.867,
				0,
				2.8,
				0
			]
		},
		{
			"Target": "Parameter",
			"Id": "PARAM_BROW_R_ANGLE",
			"Segments": [
				0,
				0,
				1,
				0.056,
				0,
				0.111,
				0.1,
				0.167,
				0.1,
				1,
				0.989,
				0.1,
				1.811,
				0.1,
				2.633,
				0.1,
				1,
				2.689,
				0.1,
				2.744,
				0,
				2.8,
				0
			]
		},
		{
			"Target": "Parameter",
			"Id": "PARAM_BROW_L_ANGLE",
			"Segments": [
				0,
				0,
				1,
				0.056,
				0,
				0.111,
				-0.2,
				0.167,
				-0.2,
				1,
				0.989,
				-0.2,
				1.811,
				-0.2,
				2.633,
				-0.2,
				1,
				2.689,
				-0.2,
				2.744,
				0,
				2.8,
				0
			]
		},
		{
			"Target": "Parameter",
			"Id": "PARAM_BROW_R_FORM",
			"Segments": [
				0,
				0,
				1,
				0.056,
				0,
				0.111,
				-0.1,
				0.167,
				-0.1,
				1,
				0.989,
				-0.1,
				1.811,
				-0.1,
				2.633,
				-0.1,
				1,
				2.689,
				-0.1,
				2.744,
				0,
				2.8,
				0
			]
		},
		{
			"Target": "Parameter",
			"Id": "PARAM_BROW_L_FORM",
			"Segments": [
				0,
				0,
				1,
				0.056,
				0,
				0.111,
				-1,
				0.167,
				-1,
				1,
				0.989,
				-1,
				1.811,
				-1,
				2.633,
				-1,
				1,
				2.689,
				-1,
				2.744,
				0,
				2.8,
				0
			]
		},
		{
			"Target": "Parameter",
			"Id": "PARAM_EYE_BALL_X",
			"Segments": [
				0,
				0,
				1,
				0.933,
				0,
				1.867,
				0,
				2.8,
				0
			]
		},
		{
			"Target": "Parameter",
			"Id": "PARAM_EYE_BALL_Y",
			"Segments": [
				0,
				0,
				1,
				0.933,
				0,
				1.867,
				0,
				2.8,
				0
			]
		},
		{
			"Target": "Parameter",
			"Id": "PARAM_EYE_BALL_SC",
			"Segments": [
				0,
				0,
				1,
				0.933,
				0,
				1.867,
				0,
				2.8,
				0
			]
		},
		{
			"Target": "Parameter",
			"Id": "PARAM_EYE_R_OPEN",
			"Segments": [
				0,
				1,
				1,
				0.933,
				1,
				1.867,
				1,
				2.8,
				1
			]
		},
		{
			"Target": "Parameter",
			"Id": "PARAM_EYE_R_SMILE",
			"Segments": [
				0,
				0,
				1,
				0.933,
				0,
				1.867,
				0,
				2.8,
				0
			]
		},
		{
			"Target": "Parameter",
			"Id": "PARAM_EYE_L_OPEN",
			"Segments": [
				0,
				1,
				1,
				0.933,
				1,
				1.867,
				1,
				2.8,
				1
			]
		},
		{
			"Target": "Parameter",
			"Id": "PARAM_EYE_L_SMILE",
			"Segments": [
				0,
				0,
				1,
				0.933,
				0,
				1.867,
				0,
				2.8,
				0
			]
		},
		{
			"Target": "Parameter",
			"Id": "PARAM_ETE_SC",
			"Segments": [
				0,
				0,
				1,
				0.933,
				0,
				1.867,
				0,
				2.8,
				0
			]
		},
		{
			"Target": "Parameter",
			"Id": "PARAM_MOUTH_FORM",
			"Segments": [
				0,
				1,
				1,
				0.933,
				1,
				1.867,
				1,
				2.8,
				1
			]
		},
		{
			"Target": "Parameter",
			"Id": "PARAM_MOUTH_OPEN_Y",
			"Segments": [
				0,
				0,
				1,
				0.933,
				0,
				1.867,
				0,
				2.8,
				0
			]
		},
		{
			"Target": "Parameter",
			"Id": "PARAM_BREATH",
			"Segments": [
				0,
				0,
				0,
				2.8,
				0
			]
		},
		{
			"Target": "Parameter",
			"Id": "PARAM_BODY_ANGLE_X",
			"Segments": [
				0,
				0,
				1,
				0.133,
				0,
				0.267,
				-8,
				0.4,
				-8,
				1,
				0.567,
				-8,
				0.733,
				3.899,
				0.9,
				5,
				1,
				1.078,
				6.175,
				1.256,
				6,
				1.433,
				6,
				1,
				1.889,
				6,
				2.344,
				0,
				2.8,
				0
			]
		},
		{
			"Target": "Parameter",
			"Id": "PARAM_BODY_ANGLE_Y",
			"Segments": [
				0,
				0,
				1,
				0.933,
				0,
				1.867,
				0,
				2.8,
				0
			]
		},
		{
			"Target": "Parameter",
			"Id": "PARAM_BODY_ANGLE_Z",
			"Segments": [
				0,
				0,
				1,
				0.133,
				0,
				0.267,
				-1,
				0.4,
				-1,
				1,
				0.611,
				-1,
				0.822,
				7,
				1.033,
				7,
				1,
				1.233,
				7,
				1.433,
				-5,
				1.633,
				-5,
				1,
				1.833,
				-5,
				2.033,
				4,
				2.233,
				4,
				1,
				2.422,
				4,
				2.611,
				0,
				2.8,
				0
			]
		},
		{
			"Target": "Parameter",
			"Id": "PARAM_DW_BODY_ANGLE_X",
			"Segments": [
				0,
				0,
				1,
				0.178,
				0,
				0.356,
				-5,
				0.533,
				-5,
				1,
				0.7,
				-5,
				0.867,
				1,
				1.033,
				1,
				1,
				1.189,
				1,
				1.344,
				-4,
				1.5,
				-4,
				1,
				1.678,
				-4,
				1.856,
				3,
				2.033,
				3,
				1,
				2.289,
				3,
				2.544,
				0,
				2.8,
				0
			]
		},
		{
			"Target": "Parameter",
			"Id": "PARAM_ALL_BODY_Y",
			"Segments": [
				0,
				0,
				1,
				0.2,
				0,
				0.4,
				-9,
				0.6,
				-9,
				1,
				0.8,
				-9,
				1,
				5,
				1.2,
				5,
				1,
				1.4,
				5,
				1.6,
				-9,
				1.8,
				-9,
				1,
				2.011,
				-9,
				2.222,
				6,
				2.433,
				6,
				1,
				2.556,
				6,
				2.678,
				0,
				2.8,
				0
			]
		},
		{
			"Target": "Parameter",
			"Id": "PARAM_ALL_BODY_1",
			"Segments": [
				0,
				0,
				1,
				0.1,
				0,
				0.2,
				-6,
				0.3,
				-6,
				1,
				0.5,
				-6,
				0.7,
				10,
				0.9,
				10,
				1,
				1.1,
				10,
				1.3,
				-9,
				1.5,
				-9,
				1,
				1.711,
				-9,
				1.922,
				8,
				2.133,
				8,
				1,
				2.356,
				8,
				2.578,
				0,
				2.8,
				0
			]
		},
		{
			"Target": "Parameter",
			"Id": "PARAM_ARM_RISE_SW",
			"Segments": [
				0,
				0,
				0,
				2.8,
				0
			]
		},
		{
			"Target": "Parameter",
			"Id": "PARAM_RUP_ARM_RISE_R",
			"Segments": [
				0,
				0,
				0,
				2.8,
				0
			]
		},
		{
			"Target": "Parameter",
			"Id": "PARAM_RDW_ARM_RISE_R",
			"Segments": [
				0,
				0,
				0,
				2.8,
				0
			]
		},
		{
			"Target": "Parameter",
			"Id": "PARAM_R_HAND_RISE_R",
			"Segments": [
				0,
				0,
				0,
				2.8,
				0
			]
		},
		{
			"Target": "Parameter",
			"Id": "PARAM_LUP_ARM_RISE_R",
			"Segments": [
				0,
				0,
				0,
				2.8,
				0
			]
		},
		{
			"Target": "Parameter",
			"Id": "PARAM_LDW_ARM_RISE_R",
			"Segments": [
				0,
				0,
				0,
				2.8,
				0
			]
		},
		{
			"Target": "Parameter",
			"Id": "PARAM_L_HAND_RISE_R",
			"Segments": [
				0,
				0,
				0,
				2.8,
				0
			]
		},
		{
			"Target": "Parameter",
			"Id": "PARAM_RUP_ARM_NORMAL_R",
			"Segments": [
				0,
				0,
				1,
				0.144,
				0,
				0.289,
				0,
				0.433,
				0,
				1,
				0.667,
				0,
				0.9,
				16,
				1.133,
				16,
				1,
				1.3,
				16,
				1.467,
				-4.071,
				1.633,
				-8,
				1,
				1.844,
				-12.977,
				2.056,
				-13,
				2.267,
				-13,
				1,
				2.444,
				-13,
				2.622,
				0,
				2.8,
				0
			]
		},
		{
			"Target": "Parameter",
			"Id": "PARAM_RDW_ARM_NORMAL_R",
			"Segments": [
				0,
				0,
				1,
				0.144,
				0,
				0.289,
				-29,
				0.433,
				-29,
				1,
				0.611,
				-29,
				0.789,
				2,
				0.967,
				2,
				1,
				1.267,
				2,
				1.567,
				-30,
				1.867,
				-30,
				1,
				2,
				-30,
				2.133,
				1,
				2.267,
				1,
				1,
				2.444,
				1,
				2.622,
				0,
				2.8,
				0
			]
		},
		{
			"Target": "Parameter",
			"Id": "PARAM_LUP_ARM_NORMAL_R",
			"Segments": [
				0,
				0,
				1,
				0.144,
				0,
				0.289,
				0,
				0.433,
				0,
				1,
				0.667,
				0,
				0.9,
				30,
				1.133,
				30,
				1,
				1.3,
				30,
				1.467,
				-10,
				1.633,
				-10,
				1,
				1.844,
				-10,
				2.056,
				16,
				2.267,
				16,
				1,
				2.444,
				16,
				2.622,
				0,
				2.8,
				0
			]
		},
		{
			"Target": "Parameter",
			"Id": "PARAM_LDW_ARM_NORMAL_R",
			"Segments": [
				0,
				0,
				1,
				0.144,
				0,
				0.289,
				-26,
				0.433,
				-26,
				1,
				0.611,
				-26,
				0.789,
				12,
				0.967,
				12,
				1,
				1.267,
				12,
				1.567,
				-24,
				1.867,
				-24,
				1,
				2,
				-24,
				2.133,
				22,
				2.267,
				22,
				1,
				2.444,
				22,
				2.622,
				0,
				2.8,
				0
			]
		},
		{
			"Target": "Parameter",
			"Id": "PARAM_SHY_SW",
			"Segments": [
				0,
				0,
				0,
				2.8,
				0
			]
		},
		{
			"Target": "Parameter",
			"Id": "PARAM_FACE_ARROW_SW",
			"Segments": [
				0,
				0,
				0,
				2.8,
				0
			]
		},
		{
			"Target": "Parameter",
			"Id": "PARAM_NOTICE_R",
			"Segments": [
				0,
				0,
				0,
				2.8,
				0
			]
		},
		{
			"Target": "Parameter",
			"Id": "PARAM_NOTICE_SC",
			"Segments": [
				0,
				0,
				0,
				2.8,
				0
			]
		},
		{
			"Target": "Parameter",
			"Id": "PARAM_MOUTH_ARROW_SW",
			"Segments": [
				0,
				0,
				0,
				2.8,
				0
			]
		},
		{
			"Target": "Parameter",
			"Id": "PARAM_FACE_MESS_SW",
			"Segments": [
				0,
				0,
				1,
				0.056,
				0,
				0.111,
				0.01,
				0.167,
				0.01,
				1,
				0.989,
				0.01,
				1.811,
				0.01,
				2.633,
				0.01,
				1,
				2.644,
				0.01,
				2.656,
				0,
				2.667,
				0,
				1,
				2.711,
				0,
				2.756,
				0,
				2.8,
				0
			]
		},
		{
			"Target": "Parameter",
			"Id": "PARAM_R_EYEMESS_R",
			"Segments": [
				0,
				-30,
				1,
				0.2,
				-30,
				0.4,
				30,
				0.6,
				30,
				1,
				0.611,
				30,
				0.622,
				-30,
				0.633,
				-30,
				1,
				0.878,
				-30,
				1.122,
				30,
				1.367,
				30,
				1,
				1.378,
				30,
				1.389,
				-30,
				1.4,
				-30,
				1,
				1.633,
				-30,
				1.867,
				30,
				2.1,
				30,
				1,
				2.111,
				30,
				2.122,
				-30,
				2.133,
				-30,
				1,
				2.3,
				-30,
				2.467,
				30,
				2.633,
				30,
				1,
				2.644,
				30,
				2.656,
				-30,
				2.667,
				-30,
				1,
				2.711,
				-30,
				2.756,
				-30,
				2.8,
				-30
			]
		},
		{
			"Target": "Parameter",
			"Id": "PARAM_L_EYEMESS_R",
			"Segments": [
				0,
				-30,
				1,
				0.2,
				-30,
				0.4,
				30,
				0.6,
				30,
				1,
				0.611,
				30,
				0.622,
				-30,
				0.633,
				-30,
				1,
				0.878,
				-30,
				1.122,
				30,
				1.367,
				30,
				1,
				1.378,
				30,
				1.389,
				-30,
				1.4,
				-30,
				1,
				1.633,
				-30,
				1.867,
				30,
				2.1,
				30,
				1,
				2.111,
				30,
				2.122,
				-30,
				2.133,
				-30,
				1,
				2.3,
				-30,
				2.467,
				30,
				2.633,
				30,
				1,
				2.644,
				30,
				2.656,
				-30,
				2.667,
				-30,
				1,
				2.711,
				-30,
				2.756,
				-30,
				2.8,
				-30
			]
		},
		{
			"Target": "Parameter",
			"Id": "PARAM_MOUTH_MESS_SW",
			"Segments": [
				0,
				0,
				1,
				0.056,
				0,
				0.111,
				0.001,
				0.167,
				0.001,
				1,
				0.989,
				0.001,
				1.811,
				0.001,
				2.633,
				0.001,
				1,
				2.644,
				0.001,
				2.656,
				0,
				2.667,
				0,
				1,
				2.711,
				0,
				2.756,
				0,
				2.8,
				0
			]
		},
		{
			"Target": "Parameter",
			"Id": "PARAM_TEAR_SW",
			"Segments": [
				0,
				0,
				0,
				2.8,
				0
			]
		},
		{
			"Target": "Parameter",
			"Id": "PARAM_ANGRY_SW",
			"Segments": [
				0,
				0,
				0,
				2.8,
				0
			]
		},
		{
			"Target": "Parameter",
			"Id": "PARAM_ANGRY_SC",
			"Segments": [
				0,
				0,
				0,
				2.8,
				0
			]
		},
		{
			"Target": "Parameter",
			"Id": "PARAM_EYEBALL_HEART_SW",
			"Segments": [
				0,
				0,
				0,
				2.8,
				0
			]
		},
		{
			"Target": "Parameter",
			"Id": "PARAM_HEART_SC",
			"Segments": [
				0,
				0,
				0,
				2.8,
				0
			]
		},
		{
			"Target": "Parameter",
			"Id": "PARAM_FT_HR_SK1",
			"Segments": [
				0,
				0,
				0,
				2.8,
				0
			]
		},
		{
			"Target": "Parameter",
			"Id": "PARAM_FT_HR_SK2",
			"Segments": [
				0,
				0,
				0,
				2.8,
				0
			]
		},
		{
			"Target": "Parameter",
			"Id": "PARAM_SD_HR_SK1",
			"Segments": [
				0,
				0,
				0,
				2.8,
				0
			]
		},
		{
			"Target": "Parameter",
			"Id": "PARAM_SD_HR_SK2",
			"Segments": [
				0,
				0,
				0,
				2.8,
				0
			]
		},
		{
			"Target": "Parameter",
			"Id": "PARAM_BK_HR_SK1",
			"Segments": [
				0,
				0,
				0,
				2.8,
				0
			]
		},
		{
			"Target": "Parameter",
			"Id": "PARAM_BK_HR_SK2",
			"Segments": [
				0,
				0,
				0,
				2.8,
				0
			]
		},
		{
			"Target": "Parameter",
			"Id": "PARAM_R_SLEEVE_SK1",
			"Segments": [
				0,
				0,
				1,
				0.056,
				0,
				0.111,
				0,
				0.167,
				0,
				1,
				0.2,
				0,
				0.233,
				0.112,
				0.267,
				0.112,
				1,
				0.378,
				0.112,
				0.489,
				-0.232,
				0.6,
				-0.232,
				1,
				0.733,
				-0.232,
				0.867,
				0.295,
				1,
				0.295,
				1,
				1.156,
				0.295,
				1.311,
				-0.098,
				1.467,
				-0.098,
				1,
				1.733,
				-0.098,
				2,
				0.088,
				2.267,
				0.088,
				1,
				2.4,
				0.088,
				2.533,
				-0.024,
				2.667,
				-0.024,
				1,
				2.711,
				-0.024,
				2.756,
				-0.024,
				2.8,
				-0.024
			]
		},
		{
			"Target": "Parameter",
			"Id": "PARAM_R_SLEEVE_SK2",
			"Segments": [
				0,
				0,
				1,
				0.056,
				0,
				0.111,
				0,
				0.167,
				0,
				1,
				0.278,
				0,
				0.389,
				0.206,
				0.5,
				0.206,
				1,
				0.622,
				0.206,
				0.744,
				-0.337,
				0.867,
				-0.337,
				1,
				0.989,
				-0.337,
				1.111,
				0.402,
				1.233,
				0.402,
				1,
				1.367,
				0.402,
				1.5,
				-0.288,
				1.633,
				-0.288,
				1,
				1.767,
				-0.288,
				1.9,
				0.127,
				2.033,
				0.127,
				1,
				2.178,
				0.127,
				2.322,
				0.005,
				2.467,
				-0.012,
				1,
				2.533,
				-0.02,
				2.6,
				-0.016,
				2.667,
				-0.016,
				1,
				2.711,
				-0.016,
				2.756,
				-0.016,
				2.8,
				-0.016
			]
		},
		{
			"Target": "Parameter",
			"Id": "PARAM_L_SLEEVE_SK1",
			"Segments": [
				0,
				0,
				1,
				0.056,
				0,
				0.111,
				0,
				0.167,
				0,
				1,
				0.2,
				0,
				0.233,
				0.112,
				0.267,
				0.112,
				1,
				0.378,
				0.112,
				0.489,
				-0.232,
				0.6,
				-0.232,
				1,
				0.733,
				-0.232,
				0.867,
				0.295,
				1,
				0.295,
				1,
				1.156,
				0.295,
				1.311,
				-0.098,
				1.467,
				-0.098,
				1,
				1.733,
				-0.098,
				2,
				0.088,
				2.267,
				0.088,
				1,
				2.4,
				0.088,
				2.533,
				-0.024,
				2.667,
				-0.024,
				1,
				2.711,
				-0.024,
				2.756,
				-0.024,
				2.8,
				-0.024
			]
		},
		{
			"Target": "Parameter",
			"Id": "PARAM_L_SLEEVE_SK2",
			"Segments": [
				0,
				0,
				1,
				0.056,
				0,
				0.111,
				0,
				0.167,
				0,
				1,
				0.278,
				0,
				0.389,
				0.206,
				0.5,
				0.206,
				1,
				0.622,
				0.206,
				0.744,
				-0.337,
				0.867,
				-0.337,
				1,
				0.989,
				-0.337,
				1.111,
				0.402,
				1.233,
				0.402,
				1,
				1.367,
				0.402,
				1.5,
				-0.288,
				1.633,
				-0.288,
				1,
				1.767,
				-0.288,
				1.9,
				0.127,
				2.033,
				0.127,
				1,
				2.178,
				0.127,
				2.322,
				0.005,
				2.467,
				-0.012,
				1,
				2.533,
				-0.02,
				2.6,
				-0.016,
				2.667,
				-0.016,
				1,
				2.711,
				-0.016,
				2.756,
				-0.016,
				2.8,
				-0.016
			]
		},
		{
			"Target": "Parameter",
			"Id": "PARAM_CHEST_SK1",
			"Segments": [
				0,
				0,
				0,
				2.8,
				0
			]
		},
		{
			"Target": "Parameter",
			"Id": "PARAM_CHEST_SK2",
			"Segments": [
				0,
				0,
				0,
				2.8,
				0
			]
		},
		{
			"Target": "Parameter",
			"Id": "PARAM_CHEST_SK3",
			"Segments": [
				0,
				0,
				0,
				2.8,
				0
			]
		},
		{
			"Target": "Parameter",
			"Id": "PARAM_R_BELT_SK1",
			"Segments": [
				0,
				0,
				0,
				2.8,
				0
			]
		},
		{
			"Target": "Parameter",
			"Id": "PARAM_R_BELT_SK2",
			"Segments": [
				0,
				0,
				0,
				2.8,
				0
			]
		},
		{
			"Target": "Parameter",
			"Id": "PARAM_L_BELT_SK1",
			"Segments": [
				0,
				0,
				0,
				2.8,
				0
			]
		},
		{
			"Target": "Parameter",
			"Id": "PARAM_L_BELT_SK2",
			"Segments": [
				0,
				0,
				0,
				2.8,
				0
			]
		},
		{
			"Target": "Parameter",
			"Id": "PARAM_R_SKIRT_SK1",
			"Segments": [
				0,
				0,
				0,
				2.8,
				0
			]
		},
		{
			"Target": "Parameter",
			"Id": "PARAM_R_SKIRT_SK2",
			"Segments": [
				0,
				0,
				0,
				2.8,
				0
			]
		},
		{
			"Target": "Parameter",
			"Id": "PARAM_M_SKIRT_SK1",
			"Segments": [
				0,
				0,
				0,
				2.8,
				0
			]
		},
		{
			"Target": "Parameter",
			"Id": "PARAM_M_SKIRT_SK2",
			"Segments": [
				0,
				0,
				0,
				2.8,
				0
			]
		},
		{
			"Target": "Parameter",
			"Id": "PARAM_L_SKIRT_SK1",
			"Segments": [
				0,
				0,
				0,
				2.8,
				0
			]
		},
		{
			"Target": "Parameter",
			"Id": "PARAM_L_SKIRT_SK2",
			"Segments": [
				0,
				0,
				0,
				2.8,
				0
			]
		},
		{
			"Target": "Parameter",
			"Id": "PARAM_SKIRT_BOT_SK1",
			"Segments": [
				0,
				0,
				0,
				2.8,
				0
			]
		},
		{
			"Target": "Parameter",
			"Id": "PARAM_SKIRT_BOT_SK2",
			"Segments": [
				0,
				0,
				0,
				2.8,
				0
			]
		}
	]
}