{
	"Version": 3,
	"Meta": {
		"Duration": 1.9,
		"Fps": 30.0,
		"FadeInTime": 0.0,
		"FadeOutTime": 0.0,
		"Loop": true,
		"AreBeziersRestricted": true,
		"CurveCount": 81,
		"TotalSegmentCount": 160,
		"TotalPointCount": 485,
		"UserDataCount": 0,
		"TotalUserDataSize": 0
	},
	"Curves": [
		{
			"Target": "Model",
			"Id": "Opacity",
			"Segments": [
				0,
				1,
				0,
				1.9,
				1
			]
		},
		{
			"Target": "Model",
			"Id": "EyeBlink",
			"Segments": [
				0,
				1,
				0,
				1.9,
				1
			]
		},
		{
			"Target": "Model",
			"Id": "LipSync",
			"Segments": [
				0,
				0,
				0,
				1.9,
				0
			]
		},
		{
			"Target": "Parameter",
			"Id": "PARAM_ANGLE_X",
			"Segments": [
				0,
				0,
				0,
				1.9,
				0
			]
		},
		{
			"Target": "Parameter",
			"Id": "PARAM_ANGLE_Y",
			"Segments": [
				0,
				0,
				1,
				0.1,
				0,
				0.2,
				-22,
				0.3,
				-22,
				1,
				0.433,
				-22,
				0.567,
				30,
				0.7,
				30,
				1,
				0.844,
				30,
				0.989,
				19.483,
				1.133,
				0,
				1,
				1.256,
				-16.486,
				1.378,
				-24,
				1.5,
				-24,
				1,
				1.633,
				-24,
				1.767,
				0,
				1.9,
				0
			]
		},
		{
			"Target": "Parameter",
			"Id": "PARAM_ANGLE_Z",
			"Segments": [
				0,
				0,
				0,
				1.9,
				0
			]
		},
		{
			"Target": "Parameter",
			"Id": "PARAM_R_BROW_X",
			"Segments": [
				0,
				0,
				1,
				0.633,
				0,
				1.267,
				0,
				1.9,
				0
			]
		},
		{
			"Target": "Parameter",
			"Id": "PARAM_R_BROW_Y",
			"Segments": [
				0,
				0,
				1,
				0.633,
				0,
				1.267,
				0,
				1.9,
				0
			]
		},
		{
			"Target": "Parameter",
			"Id": "PARAM_L_BROW_X",
			"Segments": [
				0,
				0,
				1,
				0.633,
				0,
				1.267,
				0,
				1.9,
				0
			]
		},
		{
			"Target": "Parameter",
			"Id": "PARAM_L_BROW_Y",
			"Segments": [
				0,
				0,
				1,
				0.633,
				0,
				1.267,
				0,
				1.9,
				0
			]
		},
		{
			"Target": "Parameter",
			"Id": "PARAM_BROW_R_ANGLE",
			"Segments": [
				0,
				0,
				1,
				0.633,
				0,
				1.267,
				0,
				1.9,
				0
			]
		},
		{
			"Target": "Parameter",
			"Id": "PARAM_BROW_L_ANGLE",
			"Segments": [
				0,
				0,
				1,
				0.633,
				0,
				1.267,
				0,
				1.9,
				0
			]
		},
		{
			"Target": "Parameter",
			"Id": "PARAM_BROW_R_FORM",
			"Segments": [
				0,
				0,
				1,
				0.633,
				0,
				1.267,
				0,
				1.9,
				0
			]
		},
		{
			"Target": "Parameter",
			"Id": "PARAM_BROW_L_FORM",
			"Segments": [
				0,
				0,
				1,
				0.633,
				0,
				1.267,
				0,
				1.9,
				0
			]
		},
		{
			"Target": "Parameter",
			"Id": "PARAM_EYE_BALL_X",
			"Segments": [
				0,
				0,
				1,
				0.633,
				0,
				1.267,
				0,
				1.9,
				0
			]
		},
		{
			"Target": "Parameter",
			"Id": "PARAM_EYE_BALL_Y",
			"Segments": [
				0,
				0,
				1,
				0.633,
				0,
				1.267,
				0,
				1.9,
				0
			]
		},
		{
			"Target": "Parameter",
			"Id": "PARAM_EYE_BALL_SC",
			"Segments": [
				0,
				0,
				1,
				0.633,
				0,
				1.267,
				0,
				1.9,
				0
			]
		},
		{
			"Target": "Parameter",
			"Id": "PARAM_EYE_R_OPEN",
			"Segments": [
				0,
				1,
				1,
				0.633,
				1,
				1.267,
				1,
				1.9,
				1
			]
		},
		{
			"Target": "Parameter",
			"Id": "PARAM_EYE_R_SMILE",
			"Segments": [
				0,
				0,
				1,
				0.633,
				0,
				1.267,
				0,
				1.9,
				0
			]
		},
		{
			"Target": "Parameter",
			"Id": "PARAM_EYE_L_OPEN",
			"Segments": [
				0,
				1,
				1,
				0.633,
				1,
				1.267,
				1,
				1.9,
				1
			]
		},
		{
			"Target": "Parameter",
			"Id": "PARAM_EYE_L_SMILE",
			"Segments": [
				0,
				0,
				1,
				0.633,
				0,
				1.267,
				0,
				1.9,
				0
			]
		},
		{
			"Target": "Parameter",
			"Id": "PARAM_ETE_SC",
			"Segments": [
				0,
				0,
				1,
				0.633,
				0,
				1.267,
				0,
				1.9,
				0
			]
		},
		{
			"Target": "Parameter",
			"Id": "PARAM_MOUTH_FORM",
			"Segments": [
				0,
				1,
				1,
				0.633,
				1,
				1.267,
				1,
				1.9,
				1
			]
		},
		{
			"Target": "Parameter",
			"Id": "PARAM_MOUTH_OPEN_Y",
			"Segments": [
				0,
				0,
				1,
				0.633,
				0,
				1.267,
				0,
				1.9,
				0
			]
		},
		{
			"Target": "Parameter",
			"Id": "PARAM_BREATH",
			"Segments": [
				0,
				0,
				0,
				1.9,
				0
			]
		},
		{
			"Target": "Parameter",
			"Id": "PARAM_BODY_ANGLE_X",
			"Segments": [
				0,
				0,
				1,
				0.1,
				0,
				0.2,
				3.666,
				0.3,
				6,
				1,
				0.444,
				9.372,
				0.589,
				10,
				0.733,
				10,
				1,
				1.089,
				10,
				1.444,
				0,
				1.8,
				0,
				1,
				1.833,
				0,
				1.867,
				0,
				1.9,
				0
			]
		},
		{
			"Target": "Parameter",
			"Id": "PARAM_BODY_ANGLE_Y",
			"Segments": [
				0,
				0,
				1,
				0.056,
				0,
				0.111,
				0,
				0.167,
				0,
				1,
				0.267,
				0,
				0.367,
				-10,
				0.467,
				-10,
				1,
				0.544,
				-10,
				0.622,
				10,
				0.7,
				10,
				1,
				0.8,
				10,
				0.9,
				-6,
				1,
				-6,
				1,
				1.144,
				-6,
				1.289,
				3.994,
				1.433,
				3.994,
				1,
				1.556,
				3.994,
				1.678,
				0,
				1.8,
				0,
				1,
				1.833,
				0,
				1.867,
				0,
				1.9,
				0
			]
		},
		{
			"Target": "Parameter",
			"Id": "PARAM_BODY_ANGLE_Z",
			"Segments": [
				0,
				0,
				1,
				0.6,
				0,
				1.2,
				0,
				1.8,
				0,
				1,
				1.833,
				0,
				1.867,
				0,
				1.9,
				0
			]
		},
		{
			"Target": "Parameter",
			"Id": "PARAM_DW_BODY_ANGLE_X",
			"Segments": [
				0,
				0,
				1,
				0.6,
				0,
				1.2,
				0,
				1.8,
				0,
				1,
				1.833,
				0,
				1.867,
				0,
				1.9,
				0
			]
		},
		{
			"Target": "Parameter",
			"Id": "PARAM_ALL_BODY_Y",
			"Segments": [
				0,
				0,
				1,
				0.056,
				0,
				0.111,
				0,
				0.167,
				0,
				1,
				0.233,
				0,
				0.3,
				-3,
				0.367,
				-3,
				1,
				0.5,
				-3,
				0.633,
				-1.384,
				0.767,
				2,
				1,
				0.922,
				5.948,
				1.078,
				8,
				1.233,
				8,
				1,
				1.422,
				8,
				1.611,
				0,
				1.8,
				0,
				1,
				1.833,
				0,
				1.867,
				0,
				1.9,
				0
			]
		},
		{
			"Target": "Parameter",
			"Id": "PARAM_ALL_BODY_1",
			"Segments": [
				0,
				0,
				1,
				0.6,
				0,
				1.2,
				0,
				1.8,
				0,
				1,
				1.833,
				0,
				1.867,
				0,
				1.9,
				0
			]
		},
		{
			"Target": "Parameter",
			"Id": "PARAM_ARM_RISE_SW",
			"Segments": [
				0,
				0,
				1,
				0.056,
				0,
				0.111,
				0.01,
				0.167,
				0.01,
				1,
				0.711,
				0.01,
				1.256,
				0,
				1.8,
				0,
				1,
				1.833,
				0,
				1.867,
				0,
				1.9,
				0
			]
		},
		{
			"Target": "Parameter",
			"Id": "PARAM_RUP_ARM_RISE_R",
			"Segments": [
				0,
				0,
				1,
				0.111,
				0,
				0.222,
				-13,
				0.333,
				-13,
				1,
				0.5,
				-13,
				0.667,
				9,
				0.833,
				9,
				1,
				1.156,
				9,
				1.478,
				0,
				1.8,
				0,
				1,
				1.833,
				0,
				1.867,
				0,
				1.9,
				0
			]
		},
		{
			"Target": "Parameter",
			"Id": "PARAM_RDW_ARM_RISE_R",
			"Segments": [
				0,
				0,
				1,
				0.6,
				0,
				1.2,
				0,
				1.8,
				0,
				1,
				1.833,
				0,
				1.867,
				0,
				1.9,
				0
			]
		},
		{
			"Target": "Parameter",
			"Id": "PARAM_R_HAND_RISE_R",
			"Segments": [
				0,
				0,
				1,
				0.167,
				0,
				0.333,
				13,
				0.5,
				13,
				1,
				0.611,
				13,
				0.722,
				-30,
				0.833,
				-30,
				1,
				1.056,
				-30,
				1.278,
				-25.89,
				1.5,
				-13,
				1,
				1.6,
				-7.199,
				1.7,
				0,
				1.8,
				0,
				1,
				1.833,
				0,
				1.867,
				0,
				1.9,
				0
			]
		},
		{
			"Target": "Parameter",
			"Id": "PARAM_LUP_ARM_RISE_R",
			"Segments": [
				0,
				0,
				1,
				0.111,
				0,
				0.222,
				14,
				0.333,
				14,
				1,
				0.5,
				14,
				0.667,
				-9,
				0.833,
				-9,
				1,
				1.156,
				-9,
				1.478,
				0,
				1.8,
				0,
				1,
				1.833,
				0,
				1.867,
				0,
				1.9,
				0
			]
		},
		{
			"Target": "Parameter",
			"Id": "PARAM_LDW_ARM_RISE_R",
			"Segments": [
				0,
				0,
				1,
				0.122,
				0,
				0.244,
				0,
				0.367,
				0,
				1,
				0.522,
				0,
				0.678,
				-9,
				0.833,
				-9,
				1,
				1.156,
				-9,
				1.478,
				0,
				1.8,
				0,
				1,
				1.833,
				0,
				1.867,
				0,
				1.9,
				0
			]
		},
		{
			"Target": "Parameter",
			"Id": "PARAM_L_HAND_RISE_R",
			"Segments": [
				0,
				0,
				1,
				0.167,
				0,
				0.333,
				-30,
				0.5,
				-30,
				1,
				0.611,
				-30,
				0.722,
				27,
				0.833,
				27,
				1,
				1.056,
				27,
				1.278,
				23.959,
				1.5,
				13,
				1,
				1.6,
				8.069,
				1.7,
				0,
				1.8,
				0,
				1,
				1.833,
				0,
				1.867,
				0,
				1.9,
				0
			]
		},
		{
			"Target": "Parameter",
			"Id": "PARAM_RUP_ARM_NORMAL_R",
			"Segments": [
				0,
				0,
				1,
				0.633,
				0,
				1.267,
				0,
				1.9,
				0
			]
		},
		{
			"Target": "Parameter",
			"Id": "PARAM_RDW_ARM_NORMAL_R",
			"Segments": [
				0,
				0,
				1,
				0.633,
				0,
				1.267,
				0,
				1.9,
				0
			]
		},
		{
			"Target": "Parameter",
			"Id": "PARAM_LUP_ARM_NORMAL_R",
			"Segments": [
				0,
				0,
				1,
				0.633,
				0,
				1.267,
				0,
				1.9,
				0
			]
		},
		{
			"Target": "Parameter",
			"Id": "PARAM_LDW_ARM_NORMAL_R",
			"Segments": [
				0,
				0,
				1,
				0.633,
				0,
				1.267,
				0,
				1.9,
				0
			]
		},
		{
			"Target": "Parameter",
			"Id": "PARAM_SHY_SW",
			"Segments": [
				0,
				0,
				0,
				1.9,
				0
			]
		},
		{
			"Target": "Parameter",
			"Id": "PARAM_FACE_ARROW_SW",
			"Segments": [
				0,
				0,
				1,
				0.056,
				0,
				0.111,
				0.01,
				0.167,
				0.01,
				1,
				0.711,
				0.01,
				1.256,
				0,
				1.8,
				0,
				1,
				1.833,
				0,
				1.867,
				0,
				1.9,
				0
			]
		},
		{
			"Target": "Parameter",
			"Id": "PARAM_NOTICE_R",
			"Segments": [
				0,
				0,
				1,
				0.056,
				0,
				0.111,
				-30,
				0.167,
				-30,
				1,
				0.267,
				-30,
				0.367,
				30,
				0.467,
				30,
				1,
				0.5,
				30,
				0.533,
				23.343,
				0.567,
				20,
				1,
				0.7,
				6.626,
				0.833,
				-2.264,
				0.967,
				-16,
				1,
				1.011,
				-20.579,
				1.056,
				-29,
				1.1,
				-29,
				1,
				1.233,
				-29,
				1.367,
				19,
				1.5,
				19,
				1,
				1.6,
				19,
				1.7,
				0,
				1.8,
				0,
				1,
				1.833,
				0,
				1.867,
				0,
				1.9,
				0
			]
		},
		{
			"Target": "Parameter",
			"Id": "PARAM_NOTICE_SC",
			"Segments": [
				0,
				0,
				1,
				0.056,
				0,
				0.111,
				-30,
				0.167,
				-30,
				1,
				0.267,
				-30,
				0.367,
				-14.884,
				0.467,
				0,
				1,
				0.622,
				23.152,
				0.778,
				30,
				0.933,
				30,
				1,
				1,
				30,
				1.067,
				15,
				1.133,
				15,
				1,
				1.256,
				15,
				1.378,
				30,
				1.5,
				30,
				1,
				1.6,
				30,
				1.7,
				0,
				1.8,
				0,
				1,
				1.833,
				0,
				1.867,
				0,
				1.9,
				0
			]
		},
		{
			"Target": "Parameter",
			"Id": "PARAM_MOUTH_ARROW_SW",
			"Segments": [
				0,
				0,
				1,
				0.056,
				0,
				0.111,
				0.01,
				0.167,
				0.01,
				1,
				0.711,
				0.01,
				1.256,
				0,
				1.8,
				0,
				1,
				1.833,
				0,
				1.867,
				0,
				1.9,
				0
			]
		},
		{
			"Target": "Parameter",
			"Id": "PARAM_FACE_MESS_SW",
			"Segments": [
				0,
				0,
				0,
				1.9,
				0
			]
		},
		{
			"Target": "Parameter",
			"Id": "PARAM_R_EYEMESS_R",
			"Segments": [
				0,
				-30,
				0,
				1.9,
				-30
			]
		},
		{
			"Target": "Parameter",
			"Id": "PARAM_L_EYEMESS_R",
			"Segments": [
				0,
				-30,
				0,
				1.9,
				-30
			]
		},
		{
			"Target": "Parameter",
			"Id": "PARAM_MOUTH_MESS_SW",
			"Segments": [
				0,
				0,
				0,
				1.9,
				0
			]
		},
		{
			"Target": "Parameter",
			"Id": "PARAM_TEAR_SW",
			"Segments": [
				0,
				0,
				0,
				1.9,
				0
			]
		},
		{
			"Target": "Parameter",
			"Id": "PARAM_ANGRY_SW",
			"Segments": [
				0,
				0,
				0,
				1.9,
				0
			]
		},
		{
			"Target": "Parameter",
			"Id": "PARAM_ANGRY_SC",
			"Segments": [
				0,
				0,
				0,
				1.9,
				0
			]
		},
		{
			"Target": "Parameter",
			"Id": "PARAM_EYEBALL_HEART_SW",
			"Segments": [
				0,
				0,
				0,
				1.9,
				0
			]
		},
		{
			"Target": "Parameter",
			"Id": "PARAM_HEART_SC",
			"Segments": [
				0,
				0,
				0,
				1.9,
				0
			]
		},
		{
			"Target": "Parameter",
			"Id": "PARAM_FT_HR_SK1",
			"Segments": [
				0,
				0,
				0,
				1.9,
				0
			]
		},
		{
			"Target": "Parameter",
			"Id": "PARAM_FT_HR_SK2",
			"Segments": [
				0,
				0,
				0,
				1.9,
				0
			]
		},
		{
			"Target": "Parameter",
			"Id": "PARAM_SD_HR_SK1",
			"Segments": [
				0,
				0,
				0,
				1.9,
				0
			]
		},
		{
			"Target": "Parameter",
			"Id": "PARAM_SD_HR_SK2",
			"Segments": [
				0,
				0,
				0,
				1.9,
				0
			]
		},
		{
			"Target": "Parameter",
			"Id": "PARAM_BK_HR_SK1",
			"Segments": [
				0,
				0,
				0,
				1.9,
				0
			]
		},
		{
			"Target": "Parameter",
			"Id": "PARAM_BK_HR_SK2",
			"Segments": [
				0,
				0,
				0,
				1.9,
				0
			]
		},
		{
			"Target": "Parameter",
			"Id": "PARAM_R_SLEEVE_SK1",
			"Segments": [
				0,
				0,
				0,
				1.9,
				0
			]
		},
		{
			"Target": "Parameter",
			"Id": "PARAM_R_SLEEVE_SK2",
			"Segments": [
				0,
				0,
				0,
				1.9,
				0
			]
		},
		{
			"Target": "Parameter",
			"Id": "PARAM_L_SLEEVE_SK1",
			"Segments": [
				0,
				0,
				0,
				1.9,
				0
			]
		},
		{
			"Target": "Parameter",
			"Id": "PARAM_L_SLEEVE_SK2",
			"Segments": [
				0,
				0,
				0,
				1.9,
				0
			]
		},
		{
			"Target": "Parameter",
			"Id": "PARAM_CHEST_SK1",
			"Segments": [
				0,
				0,
				1,
				0.056,
				0,
				0.111,
				0,
				0.167,
				0,
				1,
				0.256,
				0,
				0.344,
				0.503,
				0.433,
				0.503,
				1,
				0.489,
				0.503,
				0.544,
				-1,
				0.6,
				-1,
				1,
				0.689,
				-1,
				0.778,
				1,
				0.867,
				1,
				1,
				0.989,
				1,
				1.111,
				-0.553,
				1.233,
				-0.553,
				1,
				1.367,
				-0.553,
				1.5,
				0.449,
				1.633,
				0.449,
				1,
				1.689,
				0.449,
				1.744,
				-0.073,
				1.8,
				-0.073,
				1,
				1.833,
				-0.073,
				1.867,
				-0.073,
				1.9,
				-0.073
			]
		},
		{
			"Target": "Parameter",
			"Id": "PARAM_CHEST_SK2",
			"Segments": [
				0,
				0,
				1,
				0.056,
				0,
				0.111,
				0,
				0.167,
				0,
				1,
				0.211,
				0,
				0.256,
				-0.061,
				0.3,
				-0.061,
				1,
				0.389,
				-0.061,
				0.478,
				0.179,
				0.567,
				0.179,
				1,
				0.633,
				0.179,
				0.7,
				-0.408,
				0.767,
				-0.408,
				1,
				0.833,
				-0.408,
				0.9,
				0.484,
				0.967,
				0.484,
				1,
				1.056,
				0.484,
				1.144,
				-0.462,
				1.233,
				-0.462,
				1,
				1.322,
				-0.462,
				1.411,
				0.247,
				1.5,
				0.247,
				1,
				1.6,
				0.247,
				1.7,
				-0.096,
				1.8,
				-0.096,
				1,
				1.833,
				-0.096,
				1.867,
				-0.096,
				1.9,
				-0.096
			]
		},
		{
			"Target": "Parameter",
			"Id": "PARAM_CHEST_SK3",
			"Segments": [
				0,
				0,
				1,
				0.056,
				0,
				0.111,
				0,
				0.167,
				0,
				1,
				0.2,
				0,
				0.233,
				-0.414,
				0.267,
				-0.414,
				1,
				0.389,
				-0.414,
				0.511,
				0.335,
				0.633,
				0.335,
				1,
				0.733,
				0.335,
				0.833,
				-0.025,
				0.933,
				-0.025,
				1,
				1.033,
				-0.025,
				1.133,
				0.131,
				1.233,
				0.131,
				1,
				1.422,
				0.131,
				1.611,
				-0.085,
				1.8,
				-0.085,
				1,
				1.833,
				-0.085,
				1.867,
				-0.085,
				1.9,
				-0.085
			]
		},
		{
			"Target": "Parameter",
			"Id": "PARAM_R_BELT_SK1",
			"Segments": [
				0,
				0,
				0,
				1.9,
				0
			]
		},
		{
			"Target": "Parameter",
			"Id": "PARAM_R_BELT_SK2",
			"Segments": [
				0,
				0,
				0,
				1.9,
				0
			]
		},
		{
			"Target": "Parameter",
			"Id": "PARAM_L_BELT_SK1",
			"Segments": [
				0,
				0,
				0,
				1.9,
				0
			]
		},
		{
			"Target": "Parameter",
			"Id": "PARAM_L_BELT_SK2",
			"Segments": [
				0,
				0,
				0,
				1.9,
				0
			]
		},
		{
			"Target": "Parameter",
			"Id": "PARAM_R_SKIRT_SK1",
			"Segments": [
				0,
				0,
				0,
				1.9,
				0
			]
		},
		{
			"Target": "Parameter",
			"Id": "PARAM_R_SKIRT_SK2",
			"Segments": [
				0,
				0,
				0,
				1.9,
				0
			]
		},
		{
			"Target": "Parameter",
			"Id": "PARAM_M_SKIRT_SK1",
			"Segments": [
				0,
				0,
				0,
				1.9,
				0
			]
		},
		{
			"Target": "Parameter",
			"Id": "PARAM_M_SKIRT_SK2",
			"Segments": [
				0,
				0,
				0,
				1.9,
				0
			]
		},
		{
			"Target": "Parameter",
			"Id": "PARAM_L_SKIRT_SK1",
			"Segments": [
				0,
				0,
				0,
				1.9,
				0
			]
		},
		{
			"Target": "Parameter",
			"Id": "PARAM_L_SKIRT_SK2",
			"Segments": [
				0,
				0,
				0,
				1.9,
				0
			]
		},
		{
			"Target": "Parameter",
			"Id": "PARAM_SKIRT_BOT_SK1",
			"Segments": [
				0,
				0,
				0,
				1.9,
				0
			]
		},
		{
			"Target": "Parameter",
			"Id": "PARAM_SKIRT_BOT_SK2",
			"Segments": [
				0,
				0,
				0,
				1.9,
				0
			]
		}
	]
}